Sample,X,Y,Z
0,0.0061,0.0100,0.9885
1,0.0071,0.0056,0.9917
2,0.0093,0.0088,0.9729
3,0.0076,0.0051,0.9771
4,0.0090,0.0120,0.9885
5,0.0066,0.0115,0.9807
6,0.0129,0.0117,0.9741
7,0.0015,0.0100,0.9907
8,0.0083,0.0137,0.9907
9,0.0085,0.0098,0.9741
10,0.0120,0.0059,0.9849
11,0.0081,0.0071,0.9915
12,0.0078,0.0107,0.9778
13,0.0095,0.0151,0.9790
14,0.0083,0.0139,0.9836
15,0.0063,0.0073,0.9827
16,0.0156,0.0054,0.9827
17,0.0012,0.0085,0.9790
18,-0.0015,0.0105,0.9810
19,0.0144,0.0100,0.9807
20,0.0090,0.0134,0.9780
21,0.0051,0.0078,0.9827
22,0.0110,-0.0017,0.9827
23,0.0085,0.0071,0.9849
24,0.0095,0.0090,0.9819
25,0.0068,0.0078,0.9817
26,0.0088,0.0112,0.9846
27,0.0125,0.0078,0.9739
28,-0.0007,0.0029,0.9797
29,0.0051,0.0117,0.9800
30,0.0144,0.0154,0.9807
31,0.0024,-0.0005,0.9827
32,0.0085,0.0054,0.9800
33,0.0098,0.0103,0.9749
34,0.0039,0.0098,0.9829
35,0.0024,0.0071,0.9858
36,0.0095,0.0198,0.9729
37,0.0076,0.0088,0.9846
38,0.0049,0.0095,0.9846
39,0.0125,0.0120,0.9751
40,0.0088,0.0110,0.9817
41,0.0037,0.0032,0.9836
42,0.0076,0.0120,0.9810
43,0.0120,0.0122,0.9768
44,0.0059,0.0029,0.9810
45,0.0078,0.0269,0.9827
46,0.0063,0.0085,0.9800
47,0.0090,0.0115,0.9751
48,0.0083,0.0159,0.9758
49,0.0024,0.0044,0.9790
50,0.0049,0.0066,0.9839
51,0.0046,0.0142,0.9839
52,0.0078,0.0139,0.9849
53,0.0090,0.0044,0.9819
54,0.0525,0.1743,1.0413
55,0.1011,0.4197,0.9995
56,0.0078,0.6108,1.0266
57,-0.0974,0.8208,0.9583
58,-0.0549,1.0444,0.8752
59,-0.1150,1.0396,0.9036
60,-0.1707,0.7925,1.0481
61,0.1138,1.1499,1.0129
62,0.1594,1.1033,0.7271
63,0.0564,0.7878,1.0337
64,0.0266,0.4966,0.7620
65,-0.0217,0.3267,0.9329
66,0.2854,0.3982,1.0972
67,-0.0415,0.1831,1.0793
68,-0.2627,-0.1790,1.1204
69,0.0354,0.0662,0.9712
70,0.1008,0.4395,0.8782
71,-0.1340,0.2251,1.1506
72,-0.1541,0.1558,0.9514
73,0.0811,0.5046,0.8325
74,0.1101,0.8296,0.9700
75,-0.1545,0.8923,1.0288
76,-0.1191,0.7778,1.0393
77,0.0828,0.7974,1.0481
78,0.1829,0.8767,1.0024
79,-0.0481,0.8979,1.0471
80,0.0493,0.7957,0.9604
81,0.0852,0.6833,0.9360
82,0.0645,0.5679,0.9319
83,0.0298,0.4526,0.9915
84,-0.2368,0.2625,0.9771
85,0.0354,0.3376,0.9976
86,0.0969,0.2312,0.9390
87,-0.0024,0.3772,0.8840
88,-0.1240,0.4097,1.0129
89,-0.1658,0.3394,0.8743
90,0.0237,0.4175,0.9514
91,0.0168,0.5925,0.9497
92,-0.0876,0.5991,1.0071
93,-0.0989,0.7625,1.1235
94,0.0244,0.6423,0.9331
95,0.0708,0.8022,0.8625
96,0.0657,0.7905,0.9290
97,0.1848,0.8123,1.0181
98,0.1121,0.7224,1.0220
99,0.0085,0.6040,0.8127
100,0.0732,0.4226,1.0796
101,-0.1602,-0.0627,0.7073
102,-0.1233,-0.2197,0.9585
103,0.1868,-0.2803,1.2271
104,-0.0024,-0.4016,0.9231
105,0.0903,-0.5571,1.0151
106,-0.0964,-0.6008,1.1868
107,0.0483,-0.6323,0.7300
108,-0.0513,-0.5161,0.9302
109,-0.0833,-0.6089,0.8970
110,-0.0894,-0.1948,1.1538
111,0.0872,0.0120,1.0640
112,0.1128,0.0220,0.8645
113,-0.0674,0.3101,0.8342
114,-0.0579,0.4575,1.1487
115,0.0771,0.5396,0.9299
116,0.0786,0.5044,1.1516
117,0.0044,0.2065,0.9133
118,-0.0522,0.1812,0.7812
119,-0.0745,0.1711,0.9846
120,0.0322,-0.0063,1.0471
121,0.0793,-0.1018,0.9653
122,0.0479,-0.4104,1.0872
123,0.1792,-0.3384,1.0015
124,-0.0046,-0.3547,1.1643
125,0.0200,-0.2903,0.9036
126,0.0217,-0.3433,0.8003
127,-0.0051,-0.2524,0.9692
128,-0.0505,-0.2327,1.0627
129,-0.0676,-0.0796,1.0161
130,-0.0867,0.0728,1.0100
131,0.1025,0.3904,0.8599
132,0.0713,0.2407,1.0237
133,0.0024,0.3813,0.9758
134,0.0732,0.3159,1.0276
135,0.0061,-0.0024,0.9888
136,-0.0146,0.0798,1.0894
137,0.0620,-0.0752,0.8569
138,-0.1472,0.0332,0.9944
139,0.0051,-0.1047,0.8450
140,-0.0076,-0.0630,1.1606
141,-0.0159,-0.1594,0.9309
142,-0.1138,-0.1418,0.9758
143,0.0217,-0.1206,0.7788
144,-0.0601,-0.0430,0.9778
145,-0.0090,-0.3271,0.8872
146,-0.0435,-0.0288,1.0815
147,-0.0205,0.0127,0.8472
148,0.2776,0.2888,1.2114
149,0.0671,0.1611,0.9104
150,0.0159,0.3452,1.0037
151,0.0347,0.1960,0.9565
152,-0.0854,0.2095,0.9875
153,-0.1106,0.1521,0.9019
154,-0.0603,0.1772,0.9553
155,-0.1211,0.1001,0.8831
156,-0.0513,-0.0422,1.1313
157,0.0735,0.0393,0.9761
158,0.0300,-0.1233,0.7102
159,0.1121,0.1113,1.0327
160,0.1028,-0.1309,0.9136
161,0.1042,0.0022,1.1011
162,0.0967,-0.2678,1.0774
163,-0.0894,-0.0637,1.0024
164,-0.1460,-0.1704,0.9702
165,-0.0276,-0.0703,1.0229
166,-0.0559,0.3252,1.0042
167,-0.0903,0.1450,0.8752
168,0.1504,0.2217,1.0295
169,-0.0071,-0.0779,0.8557
170,-0.1182,0.1653,0.9487
171,0.2300,0.1455,1.0305
172,0.0120,-0.0674,0.8862
173,0.0625,-0.0100,0.9075
174,0.0676,-0.0862,1.0667
175,0.0779,0.0779,1.0933
176,0.0542,-0.2424,0.6926
177,-0.0073,0.0266,1.0940
178,-0.1726,-0.2354,0.9165
179,-0.2395,-0.1040,0.9038
180,-0.0100,-0.0999,0.8333
181,-0.0139,-0.0696,1.1594
182,0.0657,-0.1797,0.9866
183,0.0059,-0.0930,1.1077
184,0.0742,0.1445,0.9175
185,0.0691,0.1067,0.9917
186,0.0085,-0.1685,0.9907
187,0.0229,-0.0085,0.9143
188,0.0620,-0.0078,1.1597
189,-0.0334,-0.0156,0.9797
190,-0.0447,0.0933,1.1011
191,0.1536,0.0952,0.8501
192,0.1111,0.1858,0.9360
193,0.0566,-0.0537,0.7905
194,-0.1545,-0.1343,1.1819
195,-0.0681,-0.0371,1.0188
196,-0.1248,-0.4709,0.7053
197,-0.3784,-0.2314,0.7876
198,-0.1877,0.0557,1.2192
199,0.2185,0.1526,0.9097
200,-0.0056,-0.2795,0.9797
201,0.2278,0.1758,1.0376
202,0.0864,-0.0208,0.9358
203,-0.0630,0.1350,0.8101
204,-0.0315,-0.1174,0.6838
205,-0.1262,0.1494,1.2512
206,-0.2041,-0.0679,0.9351
207,0.0850,0.2439,1.1577
208,0.1094,0.1201,0.8979
209,0.0540,0.3130,1.0823
210,0.0645,0.1304,0.7913
211,0.0569,0.2820,1.0288
212,-0.0156,-0.0674,0.8040
213,-0.1587,-0.0308,1.1528
214,-0.0256,-0.2349,0.9683
215,-0.0286,0.0112,1.1233
216,0.0684,0.1333,0.8843
217,0.0535,0.1677,1.0229
218,0.2312,0.1682,0.7737
219,0.0200,0.0498,0.9768
220,-0.0142,-0.0686,1.0315
221,-0.0076,-0.0605,0.8567
222,-0.1648,-0.1292,1.0852
223,-0.1418,-0.2278,0.9895
224,-0.0420,0.1636,1.0364
225,0.0205,0.0422,1.0071
226,0.0686,0.1670,1.0513
227,-0.0046,0.0815,0.7161
228,-0.0068,0.0820,1.1204
229,0.0435,0.0593,0.7476
230,-0.0430,0.0342,1.0239
231,-0.0078,0.0671,1.1772
232,0.2046,0.0305,1.1047
233,0.1057,0.0105,0.8225
234,0.0745,0.1980,1.1401
235,0.0688,-0.0688,0.6919
236,0.0024,0.1042,1.0972
237,0.0083,-0.3010,0.9241
238,-0.0969,-0.1831,1.0923
239,-0.0784,-0.2688,0.9885
240,-0.1221,-0.0300,0.9417
241,0.0696,-0.0405,0.8960
242,-0.0608,-0.0312,1.1470
243,0.0454,-0.0583,0.9807
244,-0.0034,0.0425,0.9214
245,-0.1165,0.1409,0.9290
246,-0.0093,-0.0635,0.8599
247,0.0220,0.0383,1.0200
248,0.0388,0.0869,1.0620
249,0.0483,0.0767,1.0481
250,0.1392,0.0459,0.9319
251,0.0605,-0.0518,0.9146
252,0.1670,0.0681,0.9409
253,-0.0791,-0.1555,1.2102
254,-0.0247,-0.2085,0.7983
255,-0.0806,-0.2026,0.9927
256,-0.1331,-0.1433,0.9741
257,-0.0618,0.1311,1.0042
258,-0.0435,0.0049,0.8030
259,0.0361,0.0793,0.9670
260,0.0051,-0.1006,0.9380
261,-0.0042,0.1218,1.0103
262,-0.0547,0.1343,0.8843
263,0.0071,0.2959,0.9419
264,0.0610,0.0627,1.0774
265,0.0627,-0.0271,0.9976
266,0.1609,0.2046,1.1018
267,0.1355,0.0535,0.9634
268,0.0549,-0.0046,1.0952
269,0.0950,0.2329,1.0120
270,-0.0442,0.1199,1.1360
271,-0.0532,-0.1094,0.8274
272,-0.1169,-0.1604,1.0403
273,-0.1926,-0.0713,0.8481
274,0.0127,0.0417,1.0679
275,0.0718,-0.1111,0.9146
276,0.1785,0.0107,1.0374
277,0.1750,-0.1252,1.1567
278,0.2122,0.0217,0.9036
279,0.0796,-0.0808,0.9192
280,-0.0276,0.1685,1.0686
281,-0.0212,-0.0012,0.8586
282,-0.1179,0.0913,1.1360
283,-0.0854,-0.0281,0.9282
284,-0.0371,0.1414,0.9983
285,-0.0608,0.0068,0.8059
286,-0.0718,0.2273,0.9517
287,0.0591,0.2358,1.0491
288,0.0127,0.0256,1.0657
289,0.0579,0.0632,0.9819
290,0.0754,-0.0044,1.0754
291,-0.0317,0.0254,0.9399
292,0.0032,-0.0012,0.9348
293,0.0273,0.0210,0.9653
294,-0.0444,-0.0569,1.0950
295,0.2273,-0.0745,0.9407
296,0.0637,-0.0181,1.1968
297,-0.1716,-0.1628,0.6799
298,-0.0337,0.0952,0.9868
299,-0.1033,-0.0454,0.8228
300,-0.1089,-0.0850,1.0317
301,0.0796,-0.0032,1.1958
302,-0.0979,0.0750,1.0520
303,0.0708,0.0237,0.8237
304,0.1338,0.0439,1.0149
305,0.1028,0.0264,0.9644
306,-0.0342,0.0359,1.2202
307,0.1570,0.1277,0.9497
308,-0.1404,0.0022,0.8481
309,-0.0786,-0.1802,0.8755
310,0.0889,0.1230,1.0356
311,-0.0613,-0.0339,1.0735
312,0.0308,-0.0063,0.8596
313,0.1370,0.1931,1.0991
314,-0.0081,-0.0935,0.8374
315,0.0486,0.1284,1.1272
316,-0.0996,-0.1438,0.9917
317,-0.0610,0.0037,0.9185
318,-0.0283,-0.0161,0.9272
319,-0.0679,-0.0720,1.0012
320,-0.0415,0.2119,1.0081
321,-0.0339,-0.0603,0.7817
322,0.0293,0.1416,0.9546
323,0.0837,0.0505,0.8586
324,0.0244,0.1040,0.9241
325,-0.0098,0.1553,0.9309
326,0.0217,-0.1753,0.8384
327,0.0735,0.0264,1.0317
328,-0.0752,-0.2473,1.0042
329,-0.0061,0.0894,1.0559
330,0.0791,0.0273,1.0598
331,-0.0103,-0.0449,1.0686
332,0.0034,-0.0708,1.0686
333,-0.0796,-0.0637,0.9614
334,0.1360,0.2517,1.0024
335,-0.0520,-0.2061,1.1155
336,0.1738,0.1187,0.9924
337,0.1084,0.0068,1.0239
338,-0.0068,-0.0774,0.8176
339,0.1401,0.2397,1.0178
340,-0.2249,-0.0110,0.9644
341,0.0083,0.2522,1.1030
342,-0.0801,0.1025,0.8794
343,-0.1130,0.1140,0.9749
344,-0.0522,0.1108,0.8188
345,0.0706,0.0842,0.8889
346,0.0481,0.0166,1.0015
347,0.0007,0.0010,1.0432
348,0.1318,-0.0564,0.8264
349,-0.2769,-0.1821,0.9565
350,-0.0361,0.0215,0.9292
351,-0.0957,0.0217,1.2170
352,0.0352,-0.0029,1.1829
353,0.0764,-0.0205,0.9849
354,0.0208,0.0681,0.9670
355,-0.0154,0.0286,0.8914
356,0.0596,-0.0039,0.9146
357,0.0442,-0.0557,1.1370
358,-0.0525,0.1101,1.0786
359,0.0339,-0.0579,0.8518
360,0.0500,0.2351,0.9204
361,0.1353,0.1169,0.9514
362,0.0308,0.1633,1.1860
363,0.1072,0.0212,0.8362
364,0.0044,-0.1248,0.9927
365,-0.0896,-0.1499,0.8394
366,-0.1162,-0.1179,0.9856
367,-0.0266,-0.0696,0.9651
368,-0.1296,0.0486,1.1331
369,0.1284,0.1763,1.1135
370,0.1860,-0.0601,1.1047
371,-0.0017,-0.2002,0.7632
372,0.0918,-0.1309,0.7231
373,0.0728,0.0933,1.1936
374,0.0276,-0.0852,0.8782
375,-0.0032,0.0588,1.0864
376,-0.0542,0.0310,0.9163
377,-0.0288,-0.0049,0.9312
378,0.0493,0.1125,0.8696
379,-0.1021,0.1118,1.0061
380,0.0374,0.0947,1.0063
381,-0.0676,0.0134,0.9397
382,-0.0110,-0.0403,1.0317
383,-0.0142,-0.1348,1.0142
384,0.1663,-0.0002,1.0884
385,0.2122,0.0474,1.1050
386,0.0974,0.0869,0.9546
387,0.1899,0.0232,1.0637
388,-0.1350,-0.2383,0.7893
389,-0.0740,-0.0063,0.8501
390,-0.0837,0.0918,0.9905
391,-0.1401,0.0425,1.0237
392,0.0068,0.1143,0.9719
393,0.0601,0.2183,1.0481
394,-0.0417,0.1116,0.8589
395,-0.0432,-0.0405,0.8560
396,0.1326,-0.0686,0.9673
397,0.0247,-0.2708,0.9934
398,0.1255,-0.4641,1.1907
399,0.0835,-0.7114,1.0464
400,0.0007,-0.9429,0.8784
401,-0.0254,-1.0298,1.0786
402,0.0671,-0.8628,0.9478
403,-0.1309,-1.0845,0.9048
404,0.0852,-0.7310,1.1089
405,-0.0850,-0.9888,1.0347
406,-0.1091,-0.7698,1.0471
407,-0.0020,-0.5334,1.0422
408,-0.0571,-0.3315,0.9810
409,-0.0190,-0.1479,0.9302
410,0.0771,0.0576,1.0588
411,0.1489,-0.0334,0.7991
412,-0.0620,-0.1697,1.0325
413,0.0945,-0.2634,1.0686
414,0.0266,-0.2219,0.8801
415,0.1089,-0.3577,0.9006
416,-0.0994,-0.6655,1.0044
417,0.0061,-0.6145,0.9563
418,-0.0137,-0.7932,1.0764
419,-0.0447,-0.8264,0.9241
420,-0.0813,-0.8909,0.9338
421,0.0789,-0.7629,0.8743
422,-0.0012,-0.8899,0.8860
423,-0.0535,-0.8928,1.1262
424,0.0830,-0.7737,0.9827
425,0.0374,-0.3667,1.0083
426,-0.0071,-0.3467,1.0764
427,0.0081,-0.2952,0.8635
428,-0.0303,-0.2463,0.9065
429,-0.1619,-0.3352,1.1165
430,0.0615,-0.1821,1.0415
431,0.1604,-0.2493,1.0334
432,-0.0618,-0.4446,0.9426
433,-0.0542,-0.6606,0.9028
434,0.0928,-0.5427,0.9546
435,0.2529,-0.5063,0.8481
436,-0.0144,-0.8127,1.1975
437,-0.0923,-0.9575,1.1099
438,0.0864,-0.5286,0.9163
439,-0.0552,-0.5588,0.9504
440,-0.1978,-0.8218,0.9497
441,0.0073,-0.6213,1.0540
442,0.1160,-0.4250,0.9631
443,-0.0173,-0.2236,1.0940
444,0.0076,-0.0647,0.9348
445,0.0928,0.2258,0.8530
446,-0.0154,0.3652,1.0024
447,-0.0667,0.3640,1.0200
448,0.0774,0.4568,1.0278
449,0.0310,0.4421,1.0396
450,-0.0422,0.3357,0.8892
451,0.0483,0.2087,0.9106
452,0.0820,0.1021,0.8899
453,0.0254,-0.0796,0.9839
454,0.0464,-0.2175,1.0718
455,0.0730,-0.2852,1.0239
456,0.0344,-0.1812,0.9771
457,-0.0435,-0.1897,0.9172
458,-0.0515,-0.1538,1.0444
459,-0.0793,-0.1008,1.0725
460,-0.0439,0.0161,1.0063
461,-0.0115,0.1309,0.9543
462,0.0215,0.2024,0.9282
463,0.0652,0.2751,0.9810
464,0.0476,0.2549,0.9897
465,0.0610,0.2563,0.9924
466,0.0325,0.2070,0.9761
467,0.0317,0.1575,0.9800
468,0.0449,0.0591,0.9885
469,0.0125,-0.0486,1.0081
470,0.0330,-0.0950,1.0132
471,0.0261,-0.1091,0.9924
472,-0.0049,-0.0906,0.9497
473,-0.0474,-0.0828,0.9712
474,-0.0483,-0.0361,0.9956
475,-0.0498,0.0085,0.9797
476,-0.0376,0.0422,0.9751
477,0.0120,0.0901,0.9749
478,0.0269,0.1155,0.9856
479,0.0378,0.1111,0.9819
480,0.0508,0.1003,0.9683
481,0.0383,0.0610,0.9839
482,0.0364,0.0388,0.9722
483,0.0249,-0.0076,0.9670
484,-0.0027,-0.0508,0.9878
485,-0.0112,-0.0759,1.0042
486,-0.0259,-0.0845,1.0120
487,-0.0249,-0.0776,0.9917
488,-0.0247,-0.0610,0.9722
489,-0.0283,-0.0522,0.9634
490,0.0315,-0.0117,0.9553
491,0.0220,-0.0122,0.9758
492,0.0266,-0.0017,0.9836
493,0.0369,0.0156,0.9622
494,0.0071,0.0166,0.9709
495,-0.0166,0.0125,0.9771
496,-0.0032,-0.0066,0.9839
497,0.0073,-0.0327,1.0005
498,-0.0154,-0.0540,1.0061
499,-0.0098,-0.0632,0.9888
500,0.0051,-0.0508,0.9651
501,0.0212,-0.0400,0.9680
502,0.0159,-0.0347,0.9937
503,0.0203,-0.0020,0.9849
504,0.0281,0.0188,0.9885
505,0.0076,0.0276,0.9846
506,-0.0017,0.0422,0.9644
507,0.0061,0.0342,0.9612
508,-0.0061,0.0081,0.9683
509,0.0059,-0.0046,0.9846
510,0.0166,-0.0132,0.9934
511,0.0061,-0.0059,0.9858
512,0.0139,0.0051,0.9797
513,0.0098,0.0044,0.9954
514,0.0112,0.0198,1.0073
515,0.0071,0.0295,0.9956
516,-0.0002,0.0398,0.9934
517,0.0215,0.0547,0.9836
518,0.0120,0.0435,0.9788
519,0.0093,0.0457,0.9778
520,0.0171,0.0435,0.9856
521,0.0127,0.0327,0.9895
522,0.0129,0.0435,0.9927
523,0.0120,0.0505,0.9827
524,0.0103,0.0500,0.9849
525,0.0208,0.0466,0.9888
526,0.0083,0.0339,0.9934
527,0.0127,0.0349,0.9934
528,0.0161,0.0403,0.9683
529,0.0120,0.0388,0.9741
530,0.0046,0.0361,0.9875
531,0.0090,0.0383,0.9741
532,0.0142,0.0435,0.9856
533,0.0098,0.0322,0.9954
534,0.0149,0.0300,0.9819
535,0.0093,0.0232,0.9937
536,-0.0022,0.0020,0.9934
537,0.0225,0.0100,0.9868
538,0.0046,0.0022,0.9917
539,-0.0022,-0.0015,0.9875
540,0.0107,0.0076,0.9749
541,0.0085,-0.0037,0.9778
542,0.0105,0.0015,0.9915
543,0.0027,0.0054,0.9810
544,0.0049,0.0046,0.9692
545,0.0012,0.0000,0.9790
546,0.0017,-0.0081,0.9771
547,0.0095,-0.0071,0.9768
548,0.0027,-0.0190,0.9751
549,0.0042,-0.0200,0.9768
550,0.0027,-0.0161,0.9731
551,0.0076,-0.0283,0.9778
552,-0.0027,-0.0256,0.9839
553,0.0095,-0.0217,0.9771
554,0.0105,-0.0110,0.9868
555,-0.0105,-0.0159,0.9849
556,0.0083,-0.0002,0.9680
557,0.0127,-0.0142,0.9771
558,-0.0063,-0.0264,0.9875
559,0.0164,-0.0098,0.9797
560,-0.0027,-0.0164,0.9807
561,0.0046,-0.0161,0.9878
562,0.0110,-0.0068,0.9849
563,0.0134,-0.0081,0.9839
564,0.0007,-0.0105,0.9888
565,0.0073,0.0098,0.9771
566,0.0066,0.0178,0.9780
567,0.0037,0.0090,0.9827
568,0.0005,0.0105,0.9768
569,0.0117,0.0195,0.9807
570,0.0100,0.0144,0.9856
571,0.0056,0.0186,0.9878
572,0.0127,0.0212,0.9827
573,0.0144,0.0217,0.9878
574,0.0154,0.0071,0.9934
575,0.0090,0.0181,0.9856
576,0.0115,0.0259,0.9849
577,0.0037,0.0327,0.9866
578,0.0237,0.0354,0.9819
579,0.0068,0.0325,0.9917
580,0.0081,0.0298,0.9846
581,0.0205,0.0427,0.9819
582,0.0093,0.0383,0.9944
583,0.0095,0.0422,0.9868
584,0.0115,0.0447,0.9790
585,0.0125,0.0344,0.9819
586,0.0134,0.0359,0.9868
587,0.0078,0.0308,0.9780
588,0.0107,0.0354,0.9878
589,0.0103,0.0364,0.9836
590,0.0103,0.0198,0.9878
591,0.0095,0.0283,0.9917
592,0.0117,0.0269,0.9790
593,0.0046,0.0254,0.9885
594,0.0078,0.0222,0.9807
595,0.0161,0.0176,0.9797
596,0.0134,0.0186,0.9790
597,0.0088,-0.0027,0.9827
598,0.0120,0.0083,0.9907
599,-0.0032,0.0029,0.9827
600,0.0027,0.0127,0.9790
601,0.0107,0.0068,0.9846
602,0.0081,-0.0007,0.9778
603,0.0112,0.0054,0.9797
604,-0.0034,-0.0046,0.9797
605,0.0112,0.0044,0.9731
606,0.0061,-0.0054,0.9761
607,0.0044,-0.0120,0.9836
608,0.0044,-0.0059,0.9780
609,0.0024,-0.0117,0.9797
610,0.0068,-0.0061,0.9907
611,0.0027,-0.0078,0.9731
612,0.0098,-0.0137,0.9807
613,0.0039,-0.0105,0.9778
614,0.0042,-0.0081,0.9751
615,0.0083,-0.0156,0.9836
616,-0.0010,-0.0166,0.9741
617,0.0049,-0.0088,0.9800
618,0.0063,-0.0090,0.9827
619,0.0037,-0.0059,0.9790
620,0.0037,-0.0105,0.9839
621,0.0068,0.0015,0.9819
622,0.0015,0.0024,0.9875
623,0.0032,-0.0032,0.9749
624,0.0090,0.0037,0.9749
625,0.0042,-0.0015,0.9810
626,0.0061,0.0037,0.9858
627,0.0132,0.0125,0.9846
628,0.0088,0.0107,0.9797
629,0.0093,0.0110,0.9797
630,0.0078,0.0159,0.9846
631,0.0059,0.0186,0.9878
632,0.0098,0.0161,0.9878
633,0.0066,0.0173,0.9829
634,0.0100,0.0186,0.9819
635,0.0125,0.0247,0.9849
636,0.0168,0.0215,0.9819
637,0.0105,0.0154,0.9937
638,0.0142,0.0181,0.9849
639,0.0039,0.0325,0.9790
640,0.0061,0.0271,0.9885
641,0.0186,0.0347,0.9839
642,0.0085,0.0295,0.9878
643,0.0024,0.0293,0.9897
644,0.0132,0.0337,0.9768
645,0.0166,0.0303,0.9778
646,0.0129,0.0208,0.9897
647,0.0122,0.0261,0.9846
648,0.0134,0.0342,0.9868
649,0.0151,0.0361,0.9895
650,0.0090,0.0222,0.9858
651,0.0090,0.0244,0.9856
652,0.0164,0.0300,0.9858
653,0.0081,0.0229,0.9905
654,0.0068,0.0166,0.9829
655,0.0105,0.0205,0.9849
656,0.0049,0.0164,0.9807
657,0.0059,0.0129,0.9761
658,0.0203,0.0125,0.9839
659,0.0066,0.0078,0.9878
660,-0.0024,0.0078,0.9810
661,0.0154,0.0093,0.9758
662,0.0022,0.0012,0.9839
663,0.0115,-0.0046,0.9797
664,0.0088,-0.0029,0.9827
665,-0.0005,0.0095,0.9846
666,0.0078,-0.0032,0.9741
667,0.0103,-0.0093,0.9788
668,0.0032,-0.0007,0.9888
669,0.0088,-0.0044,0.9797
670,0.0017,-0.0159,0.9810
671,0.0063,-0.0027,0.9849
672,0.0073,-0.0034,0.9790
673,0.0029,-0.0129,0.9761
674,0.0042,-0.0051,0.9810
675,0.0039,-0.0017,0.9839
676,0.0039,-0.0054,0.9807
677,0.0068,-0.0093,0.9836
678,0.0042,0.0012,0.9790
679,-0.0022,-0.0024,0.9817
680,0.0122,-0.0063,0.9829
681,0.0042,-0.0010,0.9790
682,0.0024,0.0061,0.9790
683,0.0076,0.0002,0.9836
684,0.0100,-0.0027,0.9788
685,0.0054,0.0076,0.9875
686,0.0054,0.0029,0.9868
687,0.0049,0.0056,0.9810
688,0.0029,0.0103,0.9797
689,0.0129,0.0137,0.9885
690,0.0095,0.0134,0.9817
691,0.0112,0.0154,0.9771
692,0.0105,0.0210,0.9907
693,0.0090,0.0244,0.9836
694,0.0051,0.0195,0.9819
695,0.0186,0.0198,0.9866
696,0.0083,0.0237,0.9917
697,0.0076,0.0208,0.9866
698,0.0105,0.0229,0.9836
699,0.0100,0.0237,0.9797
700,0.0151,0.0210,0.9829
701,0.0090,0.0186,0.9907
702,0.0093,0.0308,0.9817
703,0.0122,0.0291,0.9907
704,0.0039,0.0208,0.9856
705,0.0107,0.0227,0.9817
706,0.0164,0.0295,0.9888
707,0.0125,0.0215,0.9888
708,0.0063,0.0178,0.9839
709,0.0190,0.0229,0.9817
710,0.0059,0.0176,0.9885
711,0.0134,0.0229,0.9827
712,0.0037,0.0068,0.9849
713,0.0071,0.0198,0.9895
714,0.0081,0.0173,0.9797
715,0.0190,0.0137,0.9878
716,0.0000,0.0110,0.9927
717,0.0068,0.0073,0.9749
718,0.0168,0.0100,0.9797
719,0.0095,0.0042,0.9866
720,0.0076,0.0010,0.9778
721,0.0056,0.0017,0.9856
722,0.0085,0.0071,0.9849
723,0.0029,0.0020,0.9758
724,0.0027,0.0029,0.9829
725,0.0051,0.0068,0.9800
726,0.0037,0.0039,0.9761
727,0.0129,-0.0042,0.9839
728,0.0122,-0.0034,0.9780
729,0.0017,0.0020,0.9810
730,0.0029,-0.0042,0.9749
731,0.0105,-0.0017,0.9751
732,-0.0027,-0.0051,0.9849
733,0.0066,-0.0039,0.9836
734,0.0095,-0.0007,0.9790
735,0.0051,0.0022,0.9829
736,0.0132,-0.0015,0.9849
737,-0.0010,-0.0037,0.9778
738,0.0032,0.0037,0.9751
739,0.0117,0.0107,0.9878
740,0.0020,0.0010,0.9827
741,0.0093,-0.0054,0.9849
742,0.0073,0.0044,0.9858
743,-0.0020,0.0066,0.9846
744,0.0181,0.0095,0.9800
745,0.0107,0.0054,0.9790
746,0.0000,0.0129,0.9875
747,0.0066,0.0103,0.9797
748,0.0100,0.0093,0.9827
749,0.0073,0.0149,0.9868
750,0.0054,0.0161,0.9807
751,0.0164,0.0249,0.9807
752,0.0117,0.0178,0.9856
753,0.0090,0.0208,0.9807
754,0.0134,0.0225,0.9878
755,0.0110,0.0107,0.9875
756,0.0027,0.0217,0.9849
757,0.0100,0.0237,0.9858
758,0.0054,0.0125,0.9866
759,0.0166,0.0186,0.9827
760,0.0120,0.0166,0.9944
761,0.0056,0.0278,0.9829
762,0.0154,0.0281,0.9788
763,0.0068,0.0186,0.9888
764,0.0061,0.0286,0.9875
765,0.0085,0.0261,0.9856
766,0.0171,0.0227,0.9846
767,0.0039,0.0168,0.9907
768,0.0024,0.0176,0.9788
769,0.0193,0.0181,0.9758
770,0.0132,0.0120,0.9895
771,0.0017,0.0122,0.9885
772,0.0125,0.0232,0.9761
773,0.0151,0.0161,0.9846
774,0.0034,0.0168,0.9866
775,0.0066,0.0142,0.9846
776,0.0093,0.0159,0.9829
777,0.0054,0.0144,0.9817
778,0.0151,0.0127,0.9849
779,0.0115,0.0061,0.9829
780,0.0110,0.0020,0.9807
781,-0.0049,-0.0032,0.9878
782,0.0110,0.0068,0.9849
783,0.0127,0.0042,0.9819
784,0.0010,-0.0056,0.9817
785,0.0073,0.0034,0.9866
786,0.0093,0.0012,0.9800
787,0.0029,-0.0020,0.9788
788,0.0059,0.0046,0.9810
789,0.0068,0.0000,0.9788
790,0.0071,0.0002,0.9810
791,0.0032,-0.0042,0.9827
792,0.0093,-0.0029,0.9856
793,0.0081,-0.0042,0.9778
794,0.0020,0.0000,0.9885
795,0.0078,0.0024,0.9771
796,0.0056,-0.0024,0.9817
797,0.0061,0.0046,0.9878
798,0.0107,0.0061,0.9790
799,0.0081,0.0010,0.9846
800,0.0059,0.0039,0.9839
801,0.0103,0.0042,0.9800
802,0.0063,0.0083,0.9810
803,0.0076,0.0034,0.9788
804,0.0085,0.0154,0.9771
805,0.0015,0.0056,0.9800
806,0.0098,0.0100,0.9858
807,0.0081,0.0095,0.9829
808,0.0002,0.0083,0.9856
809,0.0134,0.0164,0.9800
810,0.0132,0.0186,0.9761
811,-0.0046,0.0142,0.9934
812,0.0039,0.0164,0.9771
813,0.0217,0.0220,0.9731
814,0.0063,0.0078,0.9954
815,0.0093,0.0176,0.9846
816,0.0166,0.0247,0.9771
817,0.0068,0.0142,0.9856
818,0.0132,0.0212,0.9839
819,-0.0022,0.0122,0.9846
820,0.0085,0.0217,0.9839
821,0.0076,0.0281,0.9839
822,0.0066,0.0159,0.9839
823,0.0156,0.0227,0.9839
824,0.0103,0.0205,0.9768
825,0.0198,0.0168,0.9780
826,0.0042,0.0212,0.9927
827,-0.0032,0.0085,0.9829
828,0.0120,0.0251,0.9729
829,0.0032,0.0134,0.9937
830,0.0034,0.0195,0.9885
831,0.0093,0.0186,0.9797
832,0.0137,0.0144,0.9819
833,0.0068,0.0059,0.9907
834,0.0144,0.0168,0.9758
835,0.0085,0.0078,0.9817
836,0.0068,0.0061,0.9905
837,0.0000,0.0088,0.9790
838,0.0039,0.0142,0.9866
839,0.0137,0.0095,0.9846
840,0.0068,0.0017,0.9817
841,0.0085,0.0110,0.9839
842,0.0085,0.0068,0.9780
843,0.0054,0.0063,0.9768
844,0.0032,0.0037,0.9849
845,0.0059,-0.0029,0.9797
846,0.0061,0.0037,0.9827
847,0.0024,0.0012,0.9846
848,0.0032,0.0051,0.9868
849,0.0098,0.0068,0.9790
850,0.0112,-0.0017,0.9771
851,0.0010,0.0068,0.9829
852,0.0142,0.0037,0.9817
853,0.0088,-0.0034,0.9819
854,-0.0020,-0.0002,0.9907
855,0.0039,0.0024,0.9836
856,0.0066,0.0044,0.9739
857,0.0181,0.0093,0.9885
858,0.0056,0.0015,0.9888
859,0.0164,0.0044,0.9788
860,0.0120,0.0027,0.9810
861,0.0193,0.0017,0.9836
862,0.0051,0.0020,0.9875
863,-0.0022,0.0046,0.9829
864,0.0134,0.0164,0.9739
865,0.0002,0.0122,0.9927
866,0.0010,0.0132,0.9849
867,0.0190,0.0178,0.9749
868,0.0151,0.0088,0.9856
869,0.0049,0.0095,0.9866
870,0.0129,0.0156,0.9819
871,0.0054,0.0046,0.9761
872,0.0037,0.0107,0.9819
873,0.0100,0.0388,0.9897
874,0.0166,0.0149,0.9839
875,0.0054,0.0156,0.9807
876,0.0068,0.0217,0.9856
877,0.0137,0.0193,0.9846
878,0.0127,0.0134,0.9790
879,0.0110,0.0212,0.9810
880,-0.0002,0.0166,0.9915
881,0.0095,0.0266,0.9807
882,0.0166,0.0242,0.9817
883,0.0042,0.0164,0.9897
884,0.0120,0.0188,0.9819
885,0.0151,0.0227,0.9797
886,0.0063,0.0149,0.9917
887,0.0002,0.0156,0.9836
888,0.0188,0.0234,0.9722
889,0.0083,0.0083,0.9885
890,-0.0024,0.0090,0.9858
891,0.0049,0.0166,0.9761
892,0.0264,0.0103,0.9788
893,-0.0208,0.0063,0.9976
894,0.0178,0.0212,0.9702
895,0.0293,0.0103,0.9807
896,-0.0056,-0.0100,0.9937
897,0.0278,0.0149,0.9788
898,0.0164,0.0137,0.9810
899,-0.0142,-0.0032,0.9934
900,0.0337,0.0256,0.9624
901,0.0042,0.0024,0.9915
902,-0.0125,-0.0032,0.9868
903,-0.0012,0.0227,0.9631
904,0.0173,0.0029,0.9817
905,0.0100,-0.0076,0.9885
906,0.0100,0.0071,0.9856
907,0.0054,0.0063,0.9810
908,0.0012,-0.0005,0.9758
909,0.0117,0.0122,0.9907
910,-0.0032,0.0193,0.9788
911,0.0042,0.0020,0.9690
912,0.0317,0.0032,0.9839
913,0.0007,0.0105,1.0063
914,0.0061,0.0095,0.9729
915,0.0173,0.0071,0.9731
916,0.0183,0.0029,0.9741
917,-0.0198,-0.0002,0.9995
918,0.0081,0.0161,0.9731
919,0.0254,-0.0115,0.9819
920,-0.0076,-0.0034,1.0081
921,0.0178,0.0151,0.9827
922,0.0359,0.0078,0.9634
923,-0.0085,0.0073,0.9888
924,-0.0171,0.0117,0.9976
925,0.0332,0.0122,0.9583
926,0.0242,-0.0093,0.9888
927,-0.0117,0.0249,1.0142
928,-0.0115,0.0347,0.9807
929,0.0339,0.0027,0.9536
930,0.0288,0.0210,0.9839
931,-0.0095,0.0146,1.0100
932,0.0037,0.0176,0.9829
933,0.0281,0.0098,0.9624
934,0.0254,0.0164,0.9966
935,-0.0159,0.0198,1.0042
936,0.0002,0.0210,0.9663
937,0.0132,0.0212,0.9653
938,0.0046,0.0144,0.9966
939,0.0393,0.0068,1.0051
940,0.0127,0.0122,0.9768
941,-0.0107,0.0212,0.9712
942,0.0237,0.0298,0.9758
943,0.0081,0.0129,0.9927
944,0.0032,0.0083,0.9836
945,-0.0002,0.0195,0.9888
946,0.0198,0.0149,0.9907
947,0.0125,0.0149,0.9810
948,0.0032,0.0220,0.9797
949,0.0232,0.0122,0.9690
950,0.0022,-0.0022,0.9868
951,-0.0056,0.0112,0.9946
952,0.0073,0.0210,0.9790
953,0.0112,0.0022,0.9836
954,0.0095,0.0037,0.9927
955,-0.0071,0.0286,0.9858
956,0.0178,0.0212,0.9731
957,0.0242,-0.0007,0.9768
958,0.0024,0.0068,1.0054
959,0.0188,0.0107,0.9722
960,0.0112,-0.0144,0.9790
961,0.0046,0.0105,0.9888
962,-0.0081,0.0173,0.9846
963,0.0039,0.0017,0.9731
964,0.0144,-0.0010,0.9749
965,-0.0020,0.0046,0.9963
966,-0.0044,0.0247,0.9878
967,0.0234,0.0010,0.9651
968,0.0220,0.0049,0.9780
969,-0.0063,0.0012,1.0032
970,0.0115,-0.0012,0.9692
971,0.0242,0.0046,0.9683
972,-0.0020,0.0046,1.0015
973,-0.0012,0.0112,0.9897
974,0.0234,0.0049,0.9651
975,0.0103,0.0039,0.9810
976,-0.0027,0.0110,1.0022
977,0.0139,0.0051,0.9836
978,0.0229,0.0073,0.9683
979,-0.0063,0.0056,0.9937
980,0.0149,0.0107,0.9846
981,0.0093,-0.0012,0.9741
982,0.0100,0.0005,0.9827
983,0.0088,0.0154,0.9897
984,-0.0059,0.0161,0.9895
985,0.0256,0.0198,0.9670
986,-0.0051,0.0005,0.9858
987,0.0156,0.0073,0.9819
988,0.0071,0.0239,0.9966
989,0.0073,0.0149,0.9761
990,0.0046,0.0129,0.9868
991,0.0098,0.0164,0.9875
992,0.0178,0.0122,0.9739
993,-0.0017,0.0127,0.9875
994,0.0159,0.0176,0.9817
995,0.0149,0.0037,0.9878
996,-0.0046,0.0149,0.9927
997,0.0044,0.0117,0.9702
998,0.0105,0.0100,0.9749
999,0.0232,0.0188,0.9897
Rate 797, overflows 0
